{"graph": {"_type": "graph-file", "path": "media/graph/g.r.a.p.h_summary_c49576b7.graph.json", "sha256": "c49576b776f23d4d12d6b05b2074f3ca14321a748050cd0d9bed3678e6b07e4b", "size": 568}, "epoch": 199, "loss": 0.2643362879753113, "mse": 137590.453125, "val_loss": 0.25185319781303406, "val_mse": 41860.62890625, "_step": 199, "_runtime": 48, "_timestamp": 1603204783, "best_val_loss": 0.25141608715057373, "best_epoch": 191}