{"graph": {"_type": "graph-file", "path": "media/graph/g.r.a.p.h_summary_66071d3e.graph.json", "sha256": "66071d3e300ad7dd54c744eb2366849688780a6a9d43a9ca62d029910aecb5f3", "size": 568}, "epoch": 749, "loss": 0.7967861294746399, "accuracy": 0.7547042965888977, "val_loss": 0.7170268297195435, "val_accuracy": 0.8338558077812195, "_step": 749, "_runtime": 59, "_timestamp": 1601460105, "best_val_loss": 0.7167274355888367, "best_epoch": 149}