{"graph": {"_type": "graph-file", "path": "media/graph/g.r.a.p.h_summary_b60e9567.graph.json", "sha256": "b60e9567cd59bdabaf002792f0d2a445882051a4de79344efe410b8b565933ce", "size": 568}, "epoch": 499, "loss": 0.6535834670066833, "accuracy": 0.8998655676841736, "val_loss": 0.8705884218215942, "val_accuracy": 0.6583071947097778, "_step": 499, "_runtime": 65, "_timestamp": 1601459813, "best_val_loss": 0.7194188237190247, "best_epoch": 42}