{"graph": {"_type": "graph-file", "path": "media/graph/g.r.a.p.h_summary_c49576b7.graph.json", "sha256": "c49576b776f23d4d12d6b05b2074f3ca14321a748050cd0d9bed3678e6b07e4b", "size": 568}, "epoch": 199, "loss": 0.2917498052120209, "mse": 139829.75, "val_loss": 0.26846805214881897, "val_mse": 43148.99609375, "_step": 199, "_runtime": 46, "_timestamp": 1603204690, "best_val_loss": 0.26846805214881897, "best_epoch": 199}