{"graph": {"_type": "graph-file", "path": "media/graph/g.r.a.p.h_summary_96b0ad8f.graph.json", "sha256": "96b0ad8feab754bd97cf10aa7aedf205f97541339c042c7bc0d9b8a69a5ccbff", "size": 433}, "epoch": 499, "loss": 71.39208221435547, "mse": 134897.5, "val_loss": 60.68925094604492, "val_mse": 41238.51171875, "_step": 499, "_runtime": 83, "_timestamp": 1603218957, "best_val_loss": 60.57061004638672, "best_epoch": 483}