{"graph": {"_type": "graph-file", "path": "media/graph/g.r.a.p.h_summary_96b0ad8f.graph.json", "sha256": "96b0ad8feab754bd97cf10aa7aedf205f97541339c042c7bc0d9b8a69a5ccbff", "size": 433}, "epoch": 499, "loss": 73.01848602294922, "mse": 137054.375, "val_loss": 61.3751106262207, "val_mse": 41975.63671875, "_step": 499, "_runtime": 71, "_timestamp": 1603218805, "best_val_loss": 61.3347053527832, "best_epoch": 494}