{"graph": {"_type": "graph-file", "path": "media/graph/g.r.a.p.h_summary_72794dfa.graph.json", "sha256": "72794dfa1408f5fef071bc7997e4d32c22d929a4e1f91f5775c80c1d38efdba7", "size": 568}, "epoch": 749, "loss": 0.7967483401298523, "accuracy": 0.7547042965888977, "val_loss": 0.7175803184509277, "val_accuracy": 0.8338558077812195, "_step": 749, "_runtime": 176, "_timestamp": 1601460335, "best_val_loss": 0.7175800800323486, "best_epoch": 702}