{"graph": {"_type": "graph-file", "path": "media/graph/g.r.a.p.h_summary_43473254.graph.json", "sha256": "43473254f9fcde1d923fbe01a309d99a60211b81cdd1149e22a35eb870ebf294", "size": 568}, "epoch": 199, "loss": 144771.953125, "mse": 144771.953125, "val_loss": 48635.125, "val_mse": 48635.125, "_step": 199, "_runtime": 38, "_timestamp": 1603204285, "best_val_loss": 48028.79296875, "best_epoch": 13}