{"graph": {"_type": "graph-file", "path": "media/graph/g.r.a.p.h_summary_27bc1bec.graph.json", "sha256": "27bc1bec8aec1822a4ccfecbdde47a814f4ecdd54d4880117a11d294fcd9635f", "size": 568}, "epoch": 249, "loss": 0.7968295812606812, "accuracy": 0.7547042965888977, "val_loss": 0.7176535725593567, "val_accuracy": 0.8338558077812195, "_step": 249, "_runtime": 40, "_timestamp": 1601460524, "best_val_loss": 0.7176535725593567, "best_epoch": 249}