{"graph": {"_type": "graph-file", "path": "media/graph/g.r.a.p.h_summary_27bc1bec.graph.json", "sha256": "27bc1bec8aec1822a4ccfecbdde47a814f4ecdd54d4880117a11d294fcd9635f", "size": 568}, "epoch": 249, "loss": 0.7972695827484131, "accuracy": 0.7547042965888977, "val_loss": 0.7180311679840088, "val_accuracy": 0.8338558077812195, "_step": 249, "_runtime": 29, "_timestamp": 1601460144, "best_val_loss": 0.7180311679840088, "best_epoch": 249}