{"graph": {"_type": "graph-file", "path": "media/graph/g.r.a.p.h_summary_e37676d1.graph.json", "sha256": "e37676d180393deb08b4e2eebb2b6b9026d2766a9541ec39c4ea845c2ff28709", "size": 568}, "epoch": 499, "loss": 0.7942236065864563, "accuracy": 0.7547042965888977, "val_loss": 0.7200756669044495, "val_accuracy": 0.8338558077812195, "_step": 499, "_runtime": 59, "_timestamp": 1601460464, "best_val_loss": 0.718051552772522, "best_epoch": 285}