{"graph": {"_type": "graph-file", "path": "media/graph/g.r.a.p.h_summary_c49576b7.graph.json", "sha256": "c49576b776f23d4d12d6b05b2074f3ca14321a748050cd0d9bed3678e6b07e4b", "size": 568}, "epoch": 199, "loss": 74.35570526123047, "mse": 137607.71875, "val_loss": 62.555320739746094, "val_mse": 42356.96875, "_step": 199, "_runtime": 45, "_timestamp": 1603204926, "best_val_loss": 62.512027740478516, "best_epoch": 196}