{"graph": {"_type": "graph-file", "path": "media/graph/g.r.a.p.h_summary_c49576b7.graph.json", "sha256": "c49576b776f23d4d12d6b05b2074f3ca14321a748050cd0d9bed3678e6b07e4b", "size": 568}, "epoch": 199, "loss": 144771.953125, "mse": 144771.953125, "val_loss": 48635.125, "val_mse": 48635.125, "_step": 199, "_runtime": 41, "_timestamp": 1603203862, "best_val_loss": 48028.79296875, "best_epoch": 13}