{"graph": {"_type": "graph-file", "path": "media/graph/g.r.a.p.h_summary_65293681.graph.json", "sha256": "65293681e8378b7044a0862b3b531891a9a483d04bae5c2cfa242bd5ff2bc8b7", "size": 568}, "epoch": 202, "loss": 70.43950653076172, "mse": 133892.03125, "val_loss": 61.07494354248047, "val_mse": 41107.96875, "_step": 202, "_runtime": 48, "_timestamp": 1603219551, "best_val_loss": 60.526634216308594, "best_epoch": 200}