{"graph": {"_type": "graph-file", "path": "media/graph/g.r.a.p.h_summary_96b0ad8f.graph.json", "sha256": "96b0ad8feab754bd97cf10aa7aedf205f97541339c042c7bc0d9b8a69a5ccbff", "size": 433}, "val_mse": 46046.62890625, "_runtime": 58, "mse": 144066.15625, "loss": 0.3606871962547302, "epoch": 199, "_step": 412, "val_loss": 0.32929837703704834, "_timestamp": 1603218045, "best_val_loss": 0.32929837703704834, "best_epoch": 199}