{"graph": {"_type": "graph-file", "path": "media/graph/g.r.a.p.h_summary_47f94b03.graph.json", "sha256": "47f94b0334c39b47ee9798f76b91bb5feec08b4a04de2658f4cf3100798f3442", "size": 432}, "epoch": 499, "loss": 0.34707632660865784, "mse": 142596.8125, "val_loss": 0.31608402729034424, "val_mse": 44786.7578125, "_step": 499, "_runtime": 56, "_timestamp": 1603218304, "best_val_loss": 0.31608402729034424, "best_epoch": 499}