{"_timestamp": 1603218524, "mse": 137558.578125, "_step": 607, "graph": {"_type": "graph-file", "path": "media/graph/g.r.a.p.h_summary_47f94b03.graph.json", "sha256": "47f94b0334c39b47ee9798f76b91bb5feec08b4a04de2658f4cf3100798f3442", "size": 432}, "_runtime": 88, "val_loss": 62.02154541015625, "loss": 74.16516876220703, "epoch": 499, "val_mse": 42453.2109375, "best_val_loss": 61.93429946899414, "best_epoch": 494}