{"graph": {"_type": "graph-file", "path": "media/graph/g.r.a.p.h_summary_a2c98123.graph.json", "sha256": "a2c9812394e5a20ce6099836d4a15d3f98a358c4ef267d19ef6f696b71bb68a1", "size": 568}, "epoch": 999, "loss": 0.6297299265861511, "accuracy": 0.9220430254936218, "val_loss": 0.9132074117660522, "val_accuracy": 0.6285266280174255, "_step": 999, "_runtime": 212, "_timestamp": 1601460037, "best_val_loss": 0.71763014793396, "best_epoch": 124}