{"graph": {"_type": "graph-file", "path": "media/graph/g.r.a.p.h_summary_5056c37f.graph.json", "sha256": "5056c37fad5a91f2ad0b716326e97141e1fc9b5d009270069740ae9afdcfce4a", "size": 566}, "epoch": 999, "loss": 0.7967568039894104, "accuracy": 0.7547042965888977, "val_loss": 0.717653751373291, "val_accuracy": 0.8338558077812195, "_step": 999, "_runtime": 117, "_timestamp": 1601460932, "best_val_loss": 0.717653751373291, "best_epoch": 999}