{"graph": {"_type": "graph-file", "path": "media/graph/g.r.a.p.h_summary_915dab58.graph.json", "sha256": "915dab5866599033952767336cd1b580a722052eecdadb6708f176cf63d60b03", "size": 567}, "epoch": 499, "loss": 0.79688560962677, "accuracy": 0.7547042965888977, "val_loss": 0.7175657749176025, "val_accuracy": 0.8338558077812195, "_step": 499, "_runtime": 40, "_timestamp": 1601460391, "best_val_loss": 0.7175657749176025, "best_epoch": 497}