{"graph": {"_type": "graph-file", "path": "media/graph/g.r.a.p.h_summary_72794dfa.graph.json", "sha256": "72794dfa1408f5fef071bc7997e4d32c22d929a4e1f91f5775c80c1d38efdba7", "size": 568}, "epoch": 249, "loss": 0.7969228029251099, "accuracy": 0.7547042965888977, "val_loss": 0.7176945805549622, "val_accuracy": 0.8338558077812195, "_step": 249, "_runtime": 22, "_timestamp": 1601457503, "best_val_loss": 0.7176945805549622, "best_epoch": 249}